Name ,address, private key
Coke, 0x627306090abab3a6e1400e9345bc60c78a8bef57, c87509a1c067bbde78beb793e6fa76530b6382a4c0241e5e4a9ec0a0f44dc0d3
Pepsi, 0xf17f52151ebef6c7334fad080c5704d77216b732, ae6ae8e5ccbfb04590405997ee2d52d2b330726137b875053c36d94e974d162f
Jack, 0xf61727F60089FEd571e1Fd807717Bb9603e6C1E6, 8e8ec00f079f87263ad92e8cd2f5463a664e0f5068822870529d4f58e8269494
John, 0x51432C2F91ff9e7139CB65622576252714e39D7c, 90b91839f3d7b06ecfca878bb78678479b15a80ea687068da1a59489c5e891e9
Emily, 0x6Bc3a91bf46239C7eE65355925226353e3725863, 7aae5703ad211864ef5bdcf400a5c2fe271926455d050d6bc592939016454b53
Harry Potter, 0x5581739ed217C9D01a4F9dcB93f22AC3E9027E60, 465add967b3d8d87444b42c0d34f92437703e48884f1345ceae90722eef5d72b
Jackie Chan, 0x7745070C3414025f1cCAd05f3433860b3CF572F6, 17015c419ebe66ff05623021813ae0d6292b4dd2adc29042ff893d9b5d493b34
Tintin, 0x6d207956e2339c23bb99E2Fb7a7314dc5bbFf909, 432b045aa17f7d275b4ef88db131cb1845e99b0239eb267f759bc763d020049e
Voldemort, 0x92fCb4A29C6F9CfdD1bF83C1F02608842B1EA766, 1b8ededeb3fe28ce48c930076ab4b397a7b2f3b6836c02baf9c9b609cd328781
Gandalf, 0x4738a623210cB4A71a810a1D9Fd5C19bB4586868, 5e19441b1b7fac4f54199400765a2d9975a72c858e7c495f4d03803fe7795801
Frodon, 0xD57364943d4654c00D56C45DafF59B0C1e1FeFc4, b10d9e2f00c5b427a732d8f2fe3a36577c422fdaa35913cb6c742565568a7308
Sam, 0xa87dd8fc36e8D33f1Ad7Fe5eb91F1D5915abbb20, bd670caea32ac77bd53b37aedcebfd0cd0873d002f1fb1c20558e21bb7611f82
Aragorn, 0x752FBe37d2879707b0Cb809f0100119B5cFCcad4, f5e5b7331a612ad512ca60fb97b7c46d30e54ec7a2588c5d38b8f95b050352d9
Boromir, 0xa652FbF3114743033A93769D15E3c8F35b95aB56, 206c7585c40341fc2f4cf49a8c8029fd25c05bd81efeafcd9ab9c99470e25820
Legolas, 0x4A9C49C9337B43DF61Df53a2e84884B08b37394B, d158f077f95b7a1533711544819d12555d272ce8bf6abf93267a9b71ccb58d09
Gimli, 0xE9054DA550805a3263641bBFf5fb30a5079fc4e8, 58eb378f078f650d6888b821e0dd77796a3f2c2109f4902e0976cb4be67c89df
Milou, 0x073B0852fdC7fCE79f0654c58fBBB5a8e2B42B3d, e0fa300ff26c4affd969855b58930919e854896e89b0686740c290c78c7cd192
Neo, 0x9387D39cfe52276DC9d4b04C46Fb950957E6B1B2, 463cbfe786365d03b9302241319526bdb30b7dc92b0ed3510b42b6d3f1fbd9a1
Cthulu, 0xFA497Ad262CD191C9C41c492d198E8Af6a44707e, 8d41e2a3b57e456f4b4f02c7704e5548c423742c35ccd636e854a039ed17c3e7
Pipin, 0xAF59DC3e68d2bB2E2cD544a5B0E92160DdE90F76, 3edec03788daf39f92d4681967cafe3344bf7d277ad0f64b320c505f02ba1c0b
Santa, 0x1B45BC0312687EF79eDC2B2836dA0c99E2E93888, 9ec6e5a6fdf71cc28588a22618398c1d8127e244e68bf416ec167259198f2fa3
Sauron, 0x73E519ce35BaD84bFA40CA8A806a9226e3aa8E6F, 12a53c081513db079a574d8a63329b620a7f3daf7c35889df36f89ad09376b42
Golum, 0xB7A3C5b8DC22E8D179127E88565240BD409243c0, f0a001a08b41d526c15f81578a31e3f14b78f73fd096a8d2b7bae379a9266870
Luc, 0x29C7852A421aCAdB87D7b49656C40ACD9daef2Ae, 8377293ba39493e54fd679f0cd28cfa8e4502ef71a3f8f51f7b8c016593b302b
Anakin, 0x8b3a1D69F62d7C7C14d8516DB2Efe516AD0aE08B, f73896114dc8b50a4a71f581b31bbf38d319b0ff8717bd90095916255e2d9547
Leia, 0x28A56fF0A4DA8B5e5155D3eeaf0D4F8C77C57D09, 9b6b4458ea5065eeb196fe5bc783ed1efdefdda6c549b8c339e16a680c3d1a03
Obi-wan, 0x74bBA86cdb6D594931CBCa4a35c441F7cF10C12e, cb249a53dbbf4ac24536b5a8b750b6bec594621b6e48eab4b75b7dc1aae403cd
Grievous, 0xCBfeD4704dCBDF2f6E9AA53e500DcC8Ab691247e, cc9d9854909e17458040aa4fc6fc66094029d18af2f0f73443f1cb4d72509405
Asterix, 0x1bfc02b3990692EC40662Bb6188e6Fa9EF0a00b6, f50116b257a9ba3678bebac6e3c173b50ba373df2b77a1d687f6fd43d8eb42ce
Obelix, 0x4C07d2005b8F9bA2e93f5a2dA81985aeD21a4c8c, 2fd67db4266c8080b5e2e6ce10bace3a05295f641256a37e25fee57fc529000b
Panoramix, 0xd6568c9BD6Fda88fBfcECd5c61e2E052C2E9595B, c571e2eb6378aa860a66cb6df62fd1ecb26d4650bba9a5efb21ec369e2293dee
Padme, 0xf8a5E02f8Ca438DEdA76083F5A7dDd6d27E9a5b8, eb9032be7fecad98eaa7ef32cbe759107a51022804d0e58b2826d530eeff1351
Doku, 0xfedFE744B8A70418E1C604fC6234827933839559, 21e9f853900b1d78d4fce1fb4e1847931d47f8a3ddd3b64005490e5197834abe
Doge, 0xA9f9fdD7C259b8b764936B247D8365096FAE4304, f84a1fdf3ea59b20f4d73f60c2af1b5d7624b268764100e548017965f1f19182
Giant Panda, 0x657882eFeBE10aF578a7423C52959aa827Ab1b15, 96386f8def5f7a6158dfc71c5d413f01db4abeb0b6baf44cbc8915be710832cb
Cesar, 0x43C01B822B5e227aE650709a6077e552D0E8039e, dec67ce666b8966e39a69c0429e5941aea9b7b9a7658095da3b013b483b2c299
Einstein, 0x5b99262293E2504eDbD7ae6fa1394e02AeFDC158, d70c926bc1ac9d28ae1acd13b6609418bd09686617cea7d78369ba0206a2e642
Weinberg, 0xb044B995BB73746293218f9Bf24884c69401EC81, a04835a56cba359837175a7dc10a0026fced3ec61047e4bfe685a2f57c77ae56
Higgs, 0xA0Eb840802231C6b72c063f758d4f2e9280Aa337, 0b52634b3d251de4bf1cc69262c472deda92d4c7505cd4f9e33afc3544d8b3c0
Cute cat, 0xEF22604a32DB6075869893697Bb10d8240904B52, 1292c9e9542884099f7560025880dea2e3b9703964e08bb98950d62225c2dc48
